{"cameraMode":{"drawMode":0,"name":"Shaded","section":"Shading Mode"},"sceneLighting":true,"audioPlay":false,"sceneViewState":{"m_AlwaysRefresh":false,"showFog":true,"showSkybox":true,"showFlares":true,"showImageEffects":true,"showParticleSystems":true,"showVisualEffectGraphs":true,"m_FxEnabled":true},"in2DMode":false,"pivot":{"x":105.55814361572266,"y":75.631103515625,"z":126.91284942626953},"rotation":{"x":0.006437854841351509,"y":-0.8830246329307556,"z":0.4691825807094574,"w":0.012198824435472489},"size":12.229860305786133,"orthographic":false}