{"cameraMode":{"drawMode":0,"name":"Shaded","section":"Shading Mode"},"sceneLighting":true,"audioPlay":false,"sceneViewState":{"m_AlwaysRefresh":false,"showFog":true,"showSkybox":true,"showFlares":true,"showImageEffects":true,"showParticleSystems":true,"showVisualEffectGraphs":true,"m_FxEnabled":true},"in2DMode":false,"pivot":{"x":126.54973602294922,"y":59.08622360229492,"z":108.7504653930664},"rotation":{"x":-0.0025203123223036529,"y":-0.7149293422698975,"z":-0.0025718440301716329,"w":0.699220597743988},"size":2.6983373165130617,"orthographic":false}